"","topic","lincsID","beta","word","UUID"
"1",1,"719",0.0343634102575115," The same Robert de Severby, collector of wheat, malt and other victuals, in 12 Edward III in the parish of St Mary Magdelene, Lincoln Bail, came to the house of John Baker and took 6 quarters of malt (3s 6d a quarter) and 10s and at the house of Ralph de Mamesfeld in Eastgate took 6 quarters of malt (3s 6d a quarter), took 6 quarters of malt (3s 6d a quarter) from Robert de Appelby, 11 quarters of malt (3s 6d a quarter) and 13s 4d from Adam de Tatirsale, 2 quarters 1 bushel of malt from Peter de Thornton and 200 quarters of grain and malt and 100s sterling from many others to their grave damage and to the treachery of the king.","ece0cd01-cf37-490e-9b44-3d1a92bad9fa"
"2",1,"993",0.0278038005949263," Master William de Otteford, keeper of 24 of the king’s horses and 10 hackneys, with 30 grooms, from 7 Sept, to 9 Sept. 1339 stayed at Donington in Holland, did not pay for the horses’ or the grooms’ food and would not leave until the constable [of the vill] paid a fine of 6s 8d, 6 quarters of beans (3s a quarter) and 4 quarters of oats (2s a quarter). They took the beans and oats to the abbey of Swineshead.","b93c9bf8-48c3-4e10-9162-c10fc7a543e2"
"3",1,"947",0.0256631714097863," William Lathe, keeper of the king’s horses, on 2 June 1338 took 5 quarters of oats from William Ingram, 5 quarters [of oats] from Gilbert Oky, 5 quarters [of oats] from Robert Maid, 8 quarters [of oats] from Richard Digill, 8 quarters [of oats] from Alexander son of John, 8 quarters [of oats] from John Temer and 70 quarters [of oats] from other people of the same vill [?of Whaplode] and did not pay for them. 94","aa2bd4ba-d28b-4ed6-ae3f-0ce42abd6cb5"
"4",1,"291",0.0235446217932821," Richard by the Ree and John de Hynton, deputies of William de Otteford, in 13 Edward III took 8 quarters of beans (3s a quarter) and 12 cartloads of hay (12d a cartload) from the vill of Bicker and transported them to the abbey of Swineshead. They stayed in Bicker for 2 days at its cost, paid nothing and left for a fine of 6s 8d. They stayed in the vill of Swineshead for 11 days at its cost, paid nothing and left for a fine of 14s. In the same way they stayed in the vills of Wigtoft and Quadring for 4 days and paid nothing. They took 7 cartloads of hay (7s) from Wigtoft and left for a fine of 2s. They took 6 quarters of peas (3s a quarter) and 5 quarters of oats (2s a quarter) in Quadring 1 Marginal note. 26 and also 40d to leave. They transported all the grain to the same abbey, where they sold it for their own use. They also took ¥2 mark from the vill of Gosberton not to go there with the king’s horses.","da210a30-7767-4b9f-a5ef-134f40b0da3b"
"5",1,"1064",0.0205306111468152," Robert son of Henry de Severby, with William de Bolnehirst, between 12 April and 29 Sept. 1338 without a commission took 145% quarters of malt and 16 quarters % bushel of wheat from Ralph de Mamesfeld, John de Schephous, Nicholas de Bokenal, all of Lincoln, and various other inhabitants of Lincoln for the provisioning of Perth in Scotland. It is unknown if the wheat and malt were shipped to Perth. [See 57, 149, 327, 743, 1050 and 1051 above and 1174 below.] [William outlawed for nonappearance: see 397 above.]","5a6ccb44-cbf7-4d85-a6c7-8b752764d60e"
"6",1,"743",0.0202629222472898," [The same Gilbert] on the same day took 6 quarters of malt (3s 4d a quarter) from William Broun of Brampton and 21 quarters of malt (40d a quarter) from the vill of Torksey for the provisioning of Perth in Scotland. He shipped the grain to Burton on Stather and Gainsborough, where he kept it for 72 more than 2 years, and later sold it, so that the king received no profit nor did Gilbert pay William or the vill. [See 57 and 149 above and 1050, 1051, 1064 and 1174 below.]","74854d8f-120c-47d6-b421-9746a66abd94"
"7",1,"832",0.0191718886377307," Robert de Severby, deputy of Herbert de Gresseby, in 12 and 13 Edward III at Barton upon Humber, Lincoln and other places, by virtue of a commission to collect malt, took 1,000 quarters of malt and did not pay for them. He sold most of the malt at high prices and he stored the remainder in Lincoln and Barton upon Humber, so that the king did not profit and to the grave damage of 100 marks to the people. [See 817 above.]","a3f0bba6-1d5e-44be-a599-8ec218984b07"
"8",1,"1050",0.0179642850661673," The same Gilbert, sheriff, and Robert son of Henry de Severby and Geoffrey de Overyngham, assigned by Gilbert without warrant, at various times from 16 May 1339 throughout the following year took 125 quarters of malt from Adam de Tatirsale, John Baker and various other inhabitants of Lincoln and shipped them to Boston for the provisioning of Perth in Scotland. The malt was not sent to Perth; most of it was stored at Boston and Lincoln to the treachery of the king, and Gilbert did not pay for the malt. [See 57,149 and 743 above and 1051, 1064 and 1174 below.]","16745972-a963-47d0-82f2-73e14df71c65"
"9",1,"1106",0.0171993891543739," Master William de Otteford, former keeper of the king’s horses, with others, in 13 Edward III took 10 quarters of peas (20s) from the vill of Cherry Willingham by Lincoln against their will, sold them at Lincoln and kept the money for his own use. [Master William] thus took large amounts of wheat and other grains from many vills and abbeys in Lincolnshire for his own use in oppression of the people and to the scandal and deception of the king. [See 387 above.]","5ce50d22-496d-4905-9dfe-3a377f5b31e8"
"10",1,"887",0.0161837712472499," John son of Thomas Russell, Ralph de Gaddesby of Lincoln and Roger Ermyn of Lincoln are common forestallers and bought fish at low prices from fishermen and sold the fish before the legal hour in oppression of the city and the whole countryside and against the king’s statute.","33259d9c-19bc-4fec-ba44-e527f40e8481"
"11",2,"1075",0.0234709907042053," John de Colleby of Ropsley, clerk of Sir William de Ros, taxer of the fifteenth in Kesteven, in 10 Edward III at Grantham stayed in the house of Agnes de Revel in order to collect the tax and decided to weigh tax revenue with 20s in large pennies, so that when William Pilet of Scredington on 8 Nov. 1336 came to John with 30s, the first payment of the tax from the vill of Scredington, he lost 7d because of John’s weighing. John did the same with other vills all the time.","5bd62ba6-a65a-41c8-a30f-05a9b03900fe"
"12",2,"748",0.0205615457484594," John de Trehampton, the abbot of Bardney, Reynold de Donyngton, knight, and John de Lasceles, collectors of the fifteenth and tenth, took 6d from the vill of Harpswell for acquittance and similarly took 6d from each vill for acquittance and 2d from each vill in the West Riding for entry to the houses of the receivers twice a year at each payment of the fifteenth and tenth. [See 569 and 570 above and 776 and 820 below.] [Reynold outlawed for non-appearance: see 398 above.]","c29774a1-bd43-4474-8706-fe702adc9eac"
"13",2,"778",0.0175423050120385," William de Otteford and his fellow keepers of the king’s horses on 21 Dec. 1340 extorted 6s 8d from the vill of Wootton, 6s 8d from the vill of Goxhill, 6s 8d from the vill of Barrow upon Humber, 6s 8d from the vill of Ulceby [near Barton upon Humber], 3s 4d from the vill of Croxton, 3s 4d from the vill of Keelby and similarly from every vill through which they passed.","41af50f2-cde6-4173-b0bb-1b7d214fc258"
"14",2,"842",0.0166515492460768," The abbot of Bardney, collector of the fifteenth in Lincolnshire, in 10 and 11 Edward III after he had been ordered to collect the entire fifteenth, by increments took 20s, 1 mark, V2 mark, 5s and 40s from all vills in the county according to their size. In addition, on two occasions he took 12d for acquittance and 2d for entry and exit from each vill to their damage of 200 marks.","b0805785-145c-44dc-8b0a-7b8a596b1847"
"15",2,"810",0.0150362618282828," When Stamford on the near side of the bridge in 8 Edward III was taxed £35 17s 8d according to the tenth and [Stamford] beyond the bridge was taxed £10 according to the fifteenth, Roger de Wollesthorp of Grantham, chief taxer and receiver of the tenth and fifteenth in Kesteven, extorted £4 from the taxers on the near side and 40s from those on the far side before he would accept their rolls.","c5ff87d4-e568-4ede-a4a3-28259fbaaed1"
"16",2,"999",0.0125302181813164," Roger de Wolsthorp, taxer and collector of the tenth and fifteenth in Kesteven, in 7 Edward III at Grantham extorted 13s 4d from the vill of Anwick to receive the tax roll of the vill.","8cc10b0d-0aa8-4dab-8eee-3945abebccb4"
"17",2,"991",0.0119809188599204," John Brette of Wrangle, deputy of Saer de Rocheford and Richard de Ros, collectors of the triennial fifteenth in Holland, extorted £15 in excess of the agreed tax from vills in Holland and also 12d for acquittance from each vill to the great oppression of the people.","d5b1cb1b-ab0a-46fb-b58e-b23bbc65bb01"
"18",2,"705",0.0112771879853572," Master Ralph de Waldegrave, sequestrator of the bishop of Lincoln, on 16 Nov. 1338 at Harmston extorted ¥2 mark from Walter de Bilingay of Harmston because he betrothed himself to a married woman (‘mulierem’'), whom he later married.","1bdae4ab-3c3f-4ce8-9622-bbd07f42cf84"
"19",2,"811",0.0103663223163138," Roger de Wollesthorp and Henry de TiddeswiU of Stamford, receivers of the tenth and fifteenth, in 12 Edward III received £35 17s 8d from the inhabitants of Stamford on the near side of the bridge, but it is unknown if the revenue went to the king’s profit. The same Henry on 31 Aug. 1338 at Boston extorted 8 sacks of wool in addition to the 3 sacks 22 lbs of wool [weighing] 26 stones a sack and each stone [weighing] 14Vi lbs (2s a stone) and £10 for the fifteenth, which he received through William Norman from the inhabitants of Stamford beyond the bridge.","75ba04d4-bbea-4007-8d44-cb2f86b2a722"
"20",2,"1002",0.0100241745753746," The same Roger, through the abbot of Bardney and Thomas de Sibthorp, taxers and collectors of the tenth and fifteenth, in the same year in Kesteven took 13s 4d from every vill in Kesteven to receive their tax rolls to the impoverishment of the entire countryside of Kesteven.","ad00f098-10f4-4f67-82da-a5c966756708"
"21",3,"1211",0.0238370429465846," Walter Denesone of Kirby Laythorpe taken for the death of Robert Smyth of Leasingham, feloniously killed on 17 May 1339 at Sleaford. Walter stated that he was not guilty and placed himself on the country. The jurors declared that Robert, wishing to kill Walter, assaulted him with a knife and pursued him from place to place and to a certain lane blocked by a cart. Walter could not flee any further and in self-defense and to escape death with a knife attacked Robert, who died. The jurors declared that Robert had been wounded in the front and that Walter could not have escaped. Therefore, Walter was returned to prison in the custody of the sheriff to await the king’s mercy. [See 305 above.] [See CPR 1340-1343, 536,4 Nov. 1342, for Denesone’s pardon.]","6c763eb1-59f6-4829-8312-794248a8c231"
"22",3,"1163",0.0171635541505441," Walter Malet taken for the death of Gilbert Malet, his brother, feloniously killed on 24 Dec. 1340 at Mablethorpe, and also for entering the manor of Isabel, queen of England, at Mablethorpe during the night of 27 Nov. 1338 and feloniously stealing 2 cartloads of timber (10s) from a wrecked boat.","8e78afd1-51e6-4613-8d67-22d18b2085ca"
"23",3,"1073",0.0142833808618329," Ralph Cressy, former coroner of Kesteven, refused to do his duty concerning John le Warde of Carleton, killed on 1 Dec. 1330 at ‘Pokemylne’ by Grantham, at the request of the vill of Londonthorpe until Hugh Gamel of Grantham on 8 Dec. at Londonthorpe paid him V2 mark, so that the corpse lay on the ground for 8 days. [Ralph] did the same the entire time he was in office.","c57bd80d-7766-4590-ad8a-9b7c35d9effb"
"24",3,"1198",0.012135498074455," John son of Richard de Suterton and Peter his brother [taken for] coming with force and arms to Sutterton, taking, raping and abducting Margaret wife of John son of Hugh de Fyskmere of Sutterton against her will and stealing linen and woollen cloth and gold and silver objects (100s) on 27 April 1340 against the peace. [See 180 and 212 above.]","b32c0b17-16dd-4d4f-ae30-caf70c32c0f7"
"25",3,"1195",0.0117723607729311," William Benetson of Linwood [near Market Rasen] [taken for] coming to Linwood [near Market Rasen] and entering the house of Peter Palfreyman of Lin wood, feloniously stealing 11s in silver, linen and woollen cloth (40s) and feloniously burning Peter’s buildings during the night of 14 Aug. 1338. [See 170 above.]","8094fa23-1bbb-42dc-9520-14878da5ddbe"
"26",3,"1196",0.0111969917845697," Gilbert Alylaund, William Bayard, Robert Spayn and Robert Rot, all of Boston, [taken for] feloniously killing Stephen Ryngolf against the peace on 18 Aug. 1337 in the field of Skirbeck, placing the body in a cart and taking it to Boston, where they kept it in the cart for 3 days, so that everyone could see it. [See 405 above.]","89fa0029-086d-4115-a67d-0c7273f9445d"
"27",3,"1214",0.0102981324903542," John son of John son of William de Hale [taken for] feloniously raping and violating Agnes, called ‘mortimer’, on 16 Nov. 1338 at Great Hale and later burning Agnes’ genitals. [See 108 above.]","ced51c76-5ce8-4d64-9b96-4deaf1560383"
"28",3,"1074",0.00995167821992356," John de Totehill, coroner of Kesteven, refused to do his duty concerning John de Bokeland, killed on 10 Feb. 1339 at Grantham, until Stephen Henring of Grantham on 14 Feb. paid him V2 mark. John customarily did the same.","ce919bf2-db63-4537-ac5c-4879fb944d2c"
"29",3,"1184",0.00915389553678604," Richard son of John Proud of Lincoln [taken for] assaulting Roger atte Toundshend of Waddington with force and arms and mortally wounding him in the back with a knife on 24 July 1340 on the great bridge in St Benedict’s parish, Lincoln, so that Roger died in 2 months.","eed81eca-6d70-41d6-9e82-d83a35c14705"
"30",3,"942",0.00899513543969684," Thomas Thurger, coroner, on 2 Oct. 1338 took Vi mark from the vill of Long Sutton to do his duty concerning the death of John Lamberd, feloniously killed by Thomas Goche. [See 235 and 283 above.] [Goche outlawed for non-appearance: see 397 above.]","e191b512-48b4-411b-a972-f7bf55653cfa"
"31",4,"1044",0.0427139487920533," John de Retford, [nephew] of Thomas de Carleton, John son of Alan Faukes of Lincoln, William de Parys of Lincoln, Henry Fesaunt of Lincoln, tailor, William de Scarle of Lincoln, cobbler, Robert son of Thomas Russel of Lincoln and John his brother, Richard son of John Proud of Lincoln, fisherman, Adam de Geynesburgh of Lincoln, cobbler, John son of Robert de Brughton of Lincoln, Simon Fyndelove of Lincoln, Hugh de Wigthorp, relative of Thomas de Carleton, Nicholas de Tatersale of Lincoln, fisherman, John son of Richard Lewordy and Thomas his brother, Nicholas son of Thomas Sadeler of Lincoln, William de Swynesheved of Lincoln, Thomas son of William Goldsmyth of Lincoln and Eudes Droury of Lincoln, cobbler, all maintained by Robert de Biry of Lincoln, cobbler, on 25 June 1340 gathered armed in St Lawrence’s parish, Lincoln, and with force and arms proceeded through the middle of Lincoln to the city fair in Newport, making an affray against all the people of the city. They beat and wounded John de Enderby against the peace. At the fair they made a great uproar and with force and arms assaulted, beat and badly treated an unknown person against the peace. They returned to St Lawrence’s parish and came to the house of Harvey de Lud of Lincoln, where they broke his windows and committed hamsoken against the peace. The accused are common malefactors and peace breakers. [See 321 above and 1122, 1123 and 1124 below.]","22567295-d9e1-4c02-8cee-20edf9b9361d"
"32",4,"856",0.0392274825368362," A quarrel broke out on 17 Sept. 1327 at the bishop’s palace in Lincoln, where Edward III was in residence, between John del Cephous, John de la March and Peter Pirry, royal ministers, and Stephen de Clyveland of Lincoln. Stephen was arrested and taken, but Adam Garvyn and Gilbert de Averam, with other malefactors and peace breakers and with force and arms, rescued him from the custody of the marshal without consideration for the king’s presence. The same malefactors and peacebreakers on 18 Sept. 1327 came to the church of St Peter at Arches, Lincoln, and with force and arms assaulted and detained Master Thomas de Garton, clerk of the marshalsea, from the eight hour to 1 Marginal and textual note. 85 vespers. The same Thomas de Garton charged that Thomas de Carleton and others ordered the rescue of Stephen to the scandal of the king’s crown and dignity. The same Thomas de Garton was unable to leave the church for fear of the malefactors without the aid and order of the king in contempt of the king of £10,000 and against the peace. [See 184 above and 1113 below.]","f1a15567-4c21-4231-947d-2cc322fda940"
"33",4,"1067",0.0250960355160164," John son of Walter de Eboracum, William son of Richard de Carleton the elder and Richard son of John Proud, fisherman, all of Lincoln, during the night of 1 Jan. 1340 at Lincoln with force and arms assaulted William Hardy and assaulted, beat and badly treated John, William’s servant, against the peace. Eudes Drouri, cobbler, William de Hull, furbisher, and Adam de Gaynesburgh, cobbler, all of Lincoln, aided them and assaulted the same William Hardy and committed hamsoken against the peace and are common malefactors and peace breakers. [William de Hull found guilty of homicide and hanged: see 1217 below.]","98689baa-feed-4290-9ea8-da2f14648879"
"34",4,"1072",0.0209213057429644," John son of Alan Faukes, David son of Henry de St Botulph, fisherman, Robert son of Thomas Russel, John son of Thomas Russel, all of Lincoln, and John de Retford, nephew of Thomas de Carleton of Lincoln, on 2 March 1338 at Lincoln with force and arms assaulted Walter de Loundesdale, Richard Adynet, John de Nocton, Alan de Lissyngton, subbailiffs of Lincoln, and beat and wounded Thomas, servant of John de Askeby, keeper of the night watch and the king’s peace, against the peace. Thomas’ life was despaired of and the accused are common malefactors, peace breakers and night wanderers.","3de31a7f-8c77-437c-93cd-4de22f2918b0"
"35",4,"1046",0.0172430535908748," When John de Bristal, mayor of Lincoln, on 27 May 1339 ordered Hugh Payntour, Robert de Huddelston, Thomas de Banham and others to summon the city bakers in order to hold the assize of bread for the sustenance of the common people, John son of Robert de Brughton of Lincoln with force and arms at Lincoln and in the mayor’s presence assaulted, beat and badly treated Thomas Banham against the peace and in great contempt of the mayor, who has custody of the city on behalf of the king. [Brughton] is a common malefactor and peace breaker.","4ad3cb79-5dd6-4c8e-aa09-60ef3bd29eea"
"36",4,"1113",0.0171177128149825," A quarrel broke out on 17 Sept. 1327 at Lincoln in the palace of Henry, bishop of Lincoln, when the king was staying there, between John de Cephous and other royal ministers and Stephen de Clyveland of Lincoln, who was later arrested and taken on the same day. Roger Ermyn, with other malefactors and peace breakers, on orders from Thomas de Carleton and others, with force and arms rescued Stephen from the custody of the marshal of the king’s household without consideration for the king’s presence. [See 184 and 856 above.]","67b96b83-f1f1-4279-b77d-32d69b04dc11"
"37",4,"1068",0.0156909936445346," John de Retford, nephew of Thomas de Carleton of Lincoln, William de Carleton of Lincoln, fisherman, and John son of Thomas Russel of Lincoln, fisherman, on 5 Dec. 1340 at Lincoln with force and arms assaulted William de Hacthorn of Lincoln, workman, and stole 7d from his purse and 1 rosary (4d) against the peace and are common malefactors, peace breakers and night wanderers.","22d16cd1-fcfe-4739-b63d-5be94469b8ba"
"38",4,"1069",0.0156909936444874," John de Retford, nephew of Thomas de Carleton of Lincoln, and Robert de Brunby of Lincoln during the night of 18 Feb. 1338 at Lincoln with force and arms assaulted, beat, wounded and badly treated Thomas de Askeby of Lincoln, tailor, and are common peace breakers and night wanderers. [John not guilty, acquitted: see 1118 below.]","478b1ec1-c8ef-4210-ad1e-d6a8635bd5af"
"39",4,"849",0.0148022905128086," Robert Doilly of Allington in the valley of Belvoir in 14 Edward III came night and day to the house of William de Staunton in Stainton le Vale and by force stole beef, mutton, chicken, capons, and brass pots and pans (40s) and is a common malefactor and [committed] many other transgressions against the peace. [See 827 above.]","f005d33b-5a2b-449e-b9ca-b7be7362eb95"
"40",4,"805",0.0130758280388633," Richard son of John de Roughton, the elder, on 3 June 1340 came to Boston and with force and arms assaulted, beat, wounded and badly treated Thomas Taillour of Mendham to Thomas’ grave damage and against the peace. Richard is a common malefactor and peace breaker.","8553b95f-d0a6-4266-97fd-6b94a1d92a9c"
"41",5,"1130",0.112593941836919," Gilbert de Ledred, former escheator in Lincolnshire, was taken to respond, with John his brother and Robert de Berughton, his clerk, to the bill of Alice de Lacy, countess of Lincoln. [The countess complained that] she had obtained a royal writ, which was delivered to Gilbert on 2 Oct. 1336 at Boston and directed him to certify to the king’s court the lands in fee that had been held by the late Eble Lestrange, 116 Alice’s former husband, when he died. Henry de Halton, knight, John Bernard, knight, and Richard de Bolyngbrok [her attorney] made an agreement with Gilbert to expedite the proceedings and paid Gilbert 100s, John his brother 40s and Robert de Berughdon 20s. Gilbert, John and Robert, however, on 5 Oct. 1336 came to Bolingbroke and told the countess that they needed more money to proceed. She then paid Gilbert another 100s, John his brother 40s and Robert 20s, but later they left and refused to hold the inquest. The countess on 24 Oct. 1336 at Stow St Mary ordered Richard de Bolingbrok to complain and to ask that the inquest be held, but they refused. Gilbert then told the abbot of Barlings that if he would make surety for the countess to pay him 20 marks, John his brother 100s and Robert £4, they would hold the inquest. The abbot did so and on 28 Oct. 1338 at Lincoln the inquest was held. But Gilbert would neither place his seal on the record of the inquest nor send it to the king’s court until he was paid the 20 marks, John his brother the 100s and Robert the £4. They ordered Robert de Hacthorn and Richard de Bolingbrok to send the money to Lincoln by the abbot of Barlings and Thomas Home, the abbot’s servant. In addition, the same John took 16s from the countess as a fee for his seal and Gilbert later took £4 8s 2d in rents and tenants’ payments for the following Michaelmas term from the countess’ manor of Sedgebrook. Gilbert also would give neither the king nor the countess the profits of the manor in contempt of the king and to the countess’ damage of £50. Gilbert appeared and did not deny the countess’ complaint. It was ordered that the countess receive her damages and that Gilbert be imprisoned in the king’s prison in the custody of the constable of Lincoln castle until [?he paid the damages]. The countess, through Richard de Bolingbrok, her attorney, proceeded against John, Gilbert’s brother, and Robert de Berughdon, but the sheriff reported that they had died. The countess later asked that she receive all of Gilbert’s goods and chattels, except oxen and plough animals, and that she hold half his lands according to the statute until the damages were paid. The justices agreed to this arrangement on 17 Jan. 1341 at Lincoln. [See 464 and 840 above.]","0a68ce77-1c59-4ef6-827b-1515ff1f0e6b"
"42",5,"1142",0.0923972197288853," Master Robert de Filingham of Lincoln, commissary of the treasurer of St Mary’s cathedral, Lincoln, and William de Brampton were taken to respond to the bill of William de Calwarthorp. William complained that Master Robert and William de Brampton on 17 Oct. 1337 at Sturton by Stow St Mary without reasonable cause sequestered wheat, barley, oats and other goods (£40) and also 6 horses, 6 oxen and 40 sheep (£11) for the next 6 weeks during which time Maud, William’s wife, died intestate, so that William was unable to plough or plant his lands and thus lost the profits of 10 acres of land. The 40 sheep died for lack of food. Master Robert and William de Brampton also on 24 Oct. 1337 at Stow St Mary cited William to appear before them at St Mary’s church, Stow St Mary, and when he did not appear, they excommunicated and vexed him to his damage of £20 and in breach of and to the treachery of the king’s crown. Master Robert and William de Brampton, through their attorney, appeared and denied any wrongdoing. They defended the sequestering of the goods and animals by the privilege and law of the holy church. They stated that Maud the former wife of William de Calwarthrop, a parishioner of the rector of Stow St 1 Damages and fees struck through. 2 Damages struck through. 121 Mary, had died intestate in the parish and that the goods, chattels and animals had been sequestered until the ordinary was consulted to determine their disposition. William de Brampton stated that he aided Master Robert in doing his duty, and they asked if they should respond to the bill of trespass. William de Calwarthorp stated that Master Robert and William de Brampton ought to respond according to the law and custom of the realm. The justices asked Master Robert and William de Brampton if they had anything else to state and they said no. Because it was the view of the court that the property of a deceased wife ought not be touched, William de Calwarthorp was awarded damages of £20 and it was ordered that Robert and William de Brampton be taken. Damages £20; c[lerk’s fee] 20s.1 [See 767 above.]","c419e901-5f3f-4ce9-909c-a1320bc42f1f"
"43",5,"1121",0.0670133096070489," Simon Lessy, with Adam atte Neuhous of Wisbech <outlawed>, Ela his wife < fined >, Thomas son of Thomas de Bemewell < outlawed >, Roger de Bungey < outlawed > and Nicholas de Risyng < outlawed >, falsely and maliciously conspired on 4 Oct. 1339 at Holbeach to prosecute a writ of entry sur disseisin in the name of Thomas son of Thomas de Bemewell against Fulk son of William de Multon and Simon, Adam and Ela concerning 1 messuage and 4Vi acres of land in Holbeach, which rightly belonged to Amice widow of Lawrence de Holbech, Alice sister of Amice and Ivette wife of Robert Bagot. The writ was returned before John de Stonor and his fellow justices of the Bench at Westminster the following quindene of Hilary. On that day Adam and the others voluntarily defaulted by a writ grand cape against Fulk and the others. This writ was returned before the justices at Westminster the following quindene of Trinity and Amice, Alice and Ivette appeared in court and asked to be admitted to law in defense [of their right]. Thomas son of Thomas was essoined and had day to the following morrow of Martinmas. On that day Amice, Alice and Ivette appeared in court and again asked to be admitted to law in defense [of their right]. Adam, secretly and in deception of the court, Amice, Alice and Ivette, entered a bill of attorney in the name of Thomas son of Thomas [Pin place of] Nicholas de Rysing, when Thomas was not the attorney in this suit. [See 399 above.]","38c7447c-e71e-4cdc-b9de-ba5dc0ecf651"
"44",5,"720",0.0565451011690143," Thomas de Carlton and his confederates during the last week of September1 expelled the mayor of the city of Lincoln from power and administered the mayor’s office in return for large gifts and would not allow suits against his will to be heard in the city court against the peace, to the treachery of the king, in breach of the liberty of the city and to the irreparable damage of the city officials. Thomas’ confederates were Hugh de Stokes, John Judkyn, Walter de Kelby, John Alisaundre, Thomas de Humberstan, John de Retford, Alan Faukes and John his son, Hugh de Wygthorp, William de Parys, David son of Henry de St Botulph and many others. Thomas de Carlton was the leader of many malefactors in the city who were not afraid to wander day and night in alleys, streets, inns and other places, first arguing with peaceful men and then assaulting, beating, wounding, badly treating, robbing and attacking them against the peace. If any of the victims attempted to gain redress, Thomas would not let them unless they paid bribes.","507ade0b-6a8c-4ed6-950c-8efd8e399347"
"45",5,"860",0.046513478358212," John Porter of Pickering on 26 Aug. 1340 in the city court of Lincoln at the Gildhall prosecuted a suit of trespass vi et armis and contra pacem domini regis against Robert de St Bomlph, chaplain, before the mayor and bailiffs. Robert was found guilty, damages of £20 were awarded to John and Robert was sent to the king’s prison at Clasketgate in Lincoln until the damages and a fine to the king were paid. To thwart execution of the verdict, Robert de St Botulph, Robert de Totell, William son of William Costarde of Lincoln, Thomas de Lound of Lincoln and John his son on 12 Sept. 1340 at Lincoln conspired together and, with the assent of Robert de St Botulph (sic), sheriff of Lincolnshire, procured the same John son of Thomas de Lound to bring a writ of appeal returnable coram rege the following octave of Michaelmas against Robert for the death of Roger de Lound, killed at Lincoln, even though the coroners of the city had no evidence that he had been killed. John Porter thus was defrauded of his damages and the accused are common malefactors and machinators to forestall falsely and maliciously execution of the sentence to the great detriment of the people.","449092ba-b629-4e71-8136-20b8852547d5"
"46",5,"1134",0.0312747024094438," Gilbert de Ledred, sheriff of Lincolnshire, was taken to respond to the bill of Alice de Lacy, countess of Lincoln. The countess, through Richard de Bolyngbrok, her attorney, complained that she had rights in fee to the constableship of Lincoln castle, the king’s gaol and prison in the castle and to all related profits, along with all profits related to prisoners arrested by the sheriff and his ministers, those sent to the castle in the custody of the constable and all those allowed bail. Gilbert, however, the entire time he was sheriff from 12 April 1338 until 25 December 1340, did not 1 Damages and fees struck through. 2 Damages struck through. send any prisoners allowed bail to the castle, but always kept them in his house at Lincoln and other places in the county. He ordered his bailiffs to send all fines and redemptions to him and told the constable that he was not to take anything from mainpernered prisoners, so that the countess lost most of the profits related to the constableship of the castle to her damage of £10. Gilbert appeared and did not deny the countess’ complaint. It was ordered that the countess receive her damages. Gilbert in mercy. The countess later appeared and acknowledged that she had been paid the damages. Gilbert was allowed to pay a fine as appears on the fine rotulet. Damages £10.1 [See 470 above.]","a30d297a-4079-4390-b062-a20bf994ec85"
"47",5,"399",0.0304234354908238," Adam atte Newhous of Wisbech, Thomas son of Thomas de Bemewell, Roger de Bungey and Nicholas de Rysyng, with Simon Lessi, who was acquitted, and with Ela wife of Adam atte Newhous, falsely and maliciously conspired on 4 Oct. 1339 at Holbeach to prosecute a writ of entry sur disseisin in the name of Thomas son of Thomas de Bernewell against Fulk son of William de Multon and Simon, Adam and Ela concerning 1 messuage and 41/? acres of land in Holbeach, which rightly belonged to Amice widow of Lawrence de Holbech, Alice sister of Amice and Ivette wife of Robert Bagot. The writ was returned before John de Stonor and his fellow justices of the Bench at Westminster the following quindene of Hilary. On that day Adam and the others voluntarily 36 defaulted by a writ grand cape against Fulk and the others. This writ was returned before the justices at Westminster the following quindene of Trinity and Amice, Alice and Ivette appeared in court and asked to be admitted to law in defense [of their right]. Thomas son of Thomas was essoined and had day to the following morrow of Martinmas. On that day Amice, Alice and Ivette appeared in court and again asked to be admitted to law in defense [of their right], Adam, secretly and in deception of the court, Amice, Alice and Ivette, entered a bill of attorney in the name of Thomas son of Thomas [?in place of] Nicholas de Rysying, when Thomas was not the attorney in this suit. [Ela fined: see 1121 below.]","69bbca11-d1ec-45d1-8637-d4651616a73e"
"48",5,"1133",0.0285951730333847," Gilbert de Ledred, former escheator in Lincolnshire and bailiff of Henry, earl of Lancaster, in the county, was taken to respond to the bill of Alice de Lacy, countess of Lincoln. The countess complained that when a whale was beached at the countess’ manor of Long Sutton in Holland, where she and her ancestors had always had the right to wrecks of the sea, Gilbert during the night of 4 March 1338 paid Peter Robbeson of Holbeach Hum, mariner, and other unknown mariners to drag the whale out of the countess’ domain to [Salt]fleet Haven in the earl of Lancaster’s domain, so that the countess lost the profit of the whale. In addition, Gilbert imprisoned John de Shenfeld, the countess’ bailiff of Long Sutton, and other servants and tenants of the countess until £20 were paid, so that the countess lost their services for the following month to the countess’ damage of £40. Gilbert appeared and did not deny the countess’ complaint. It was ordered that the countess receive her damages and that Gilbert be imprisoned in the king’s prison in the custody of the constable of Lincoln castle until [?he paid the damages]. The countess, through Richard de Bolyngbrok, her attorney, later asked that she receive all of Gilbert’s goods and chattels, except oxen and plough animals, and that she hold half his lands until the damages were paid. The justices agreed to this arrangement on 19 Jan. 1341 at Lincoln. Damages £40.2 [See 25 and 840 above.]","7be9ba2a-b9b5-4767-a164-622c6f119ef6"
"49",5,"867",0.0264385498390796," In accordance with the liberty of the city of Lincoln, the mayor and citizens of the city returned William Virly and Richard son of Martin to represent the city at the Parliament ordered held by the king on 2 Feb. 1338 at London. Thomas de Carleton, Hugh de Stokes and John Judekyn, however, substituted the names of Hugh de Stokes and John Judekyn for William Virly and Richard son of Martin on the indenture that had been presented to the sheriff of Lincolnshire. Asaresult, the same Hugh and John Judekyn obtained a writ for expenses of £4 4s in connection with their stay of 21 days at the Parliament and attached goods and chattels of the citizens of [Lincoln] at Boston and thereby received 42s, even though they had not been chosen by the mayor and community of Lincoln. Thomas was under sheriff, Hugh de Stokes was clerk of the sheriff and John Judekyn was riding bailiff (‘threthingarius’).","244f42e8-7461-49c3-81a2-103906c92331"
"50",5,"1049",0.0246506994955106," The same Gilbert, former sheriff, on 2 Oct. 1339 at Lincoln empaneled tenants of William de Ros on a jury in a suit of trespass concerning the cutting of turf between Sir William de Ros, plaintiff, and the abbot of Kirkstead, even though law and custom hold that tenants and kin [of the parties] not be empaneled, against reason and the law of England and to the destruction of [the abbot’s suit.].","63eeb47f-cf2a-43b8-924b-266269ef820e"
"51",6,"1016",0.217502108010859," Roger de Wolsthorp, wool receiver of the fifteenth in Kesteven, in 13 Edward III at Lincoln received and weighed all wool from Kesteven at 14 lbs a stone and by unjust weighing took 8 stones of wool from the vill of Bourne, 10 stones of wool from the vill of Aslackby, 3 stones of wool from the vill of Dowsby, 3 stones of wool from the vill of Westborough, 3 stones of wool from the vill of Rauceby, 2 stones of wool from the vill of Ruskington, 3 stones of wool from the vill of Leasingham, 1 stone of wool from the vill of Stubton, 4 stones of wool and 2s for delivery from the vills of Swaton and Spanby, 101 4 stones of wool from the vill of Cranwell, 1 stone of wool from the vill of Stow, 1 stone of wool and 6d from the vill of Honington, 4 stones of wool from the vill of Edenham, 3 stones of wool from the vill of Londonthorpe, 1 stone of wool from the vill of Temple Bruer, 1 stone of wool from the vills of Sudbrooke and Willoughby with part of Ancaster, 4 stones of wool from the vill of Witham, 1 stone of wool from the vill of Mere, 2 stones of wool from the vill of Osbournby, 1 stone of wool from the vill of Dembleby, [blank] from the vill of Barrowby, Vi stone of wool from the vills of Belvoir and Woolsthorpe [near Corby], 1 stone of wool from the vill of Great Ponton, 4 stones of wool from the vill of Welby, 2Vz stones of wool from the vill of Wilsford, 6 stones of wool from the vill of Rippingale, IV2 stones of wool from the vill of Sempring-ham, 3 stones of wool and 2s from the vill of Horbling, 2 stones of wool from the vill of Holywell, 2 stones of wool from the vill of Haconby, 2 stones of wool from the vill of Dunsby [near Bourne], 1 stone of wool from the vill of Syston, 1 stone of wool from the vill of Digby, 2 stones of wool from the vill of Leadenham, 1 stone of wool and 6d from the vill of Gonerby, 2 stones of wool from the vills of Haydor, Oseby and Aisby, 2 stones of wool from the vill of Pointon, 2 stones of wool from the vill of Ropsley, 2 stones of wool from the vill of Allington, 2 stones of wool from the vill of Anwick, 1 stone of wool from the vill of Barkston, 1 stone of wool from the vill of Dorrington, 1 stone of wool from the vill of Harlaxton, 5 stones of wool from the vill of Morton by Bourne, 2 stones of wool from the vill of Billingborough, 2Vi stones of wool from the vill of Aunsby, 2 stones of wool from the vill of Somerby [near Grantham], 4 stones of wool from the vill of Langtoft, 3 stones of wool from the vill of Rowston, Wi stones of wool from the vill of Bloxholm, 2 stones of wool from the vill of Denton, 3 stones of wool from the vill of Baston, 2 stones of wool from the vill of Braceborough, 2 stones of wool from the vill of Greatford, 2 stones of wool from the vill of Carlby, 4 stones of wool from the vill of Uffington, 1 stone of wool from the vill of Belton [near Grantham], 2 stones of wool from the vill of Pickworth, 2 stones of wool from the vill of Castle Bytham, 2 stones of wool from the vill of Swayfield, 1 stone of wool from the vill of Counthorpe, 1 stone of wool from the vill of Little Bytham, 4 stones of wool from the vill of Corby, 3 stones of wool from the vill of Burton Coggles and 2 stones of wool from the vill of Swinstead.","f4710ed4-4cab-4a99-be93-fec31a94ed50"
"52",6,"843",0.0183965263244284," Gilbert de Ledered, sheriff of Lincolnshire, Henry de Tyddeswell, Roger le Wryght of Woolsthorpe [near Corby], [living in] Grantham, with S3 Herbert de Gresseby, who was outlawed, were wool collectors in Lincolnshire and on about 8 Sept. 1338 falsely weighed and kept more than 1 lb of wool for each stone of wool collected for their own profit to the grave damage of the people. They also took more than 4 stones for each sack, the fleece and 6d for acquittance. Their grooms, who were keepers of the [customs] houses, took silver from vills before they could enter and a large amount of silver for carriage of the wool to the damage of £100 and to the impoverishment of the people. It is unknown if this money and wool, levied on about 8 Sept. 1338, went for the king’s use. [See 821 above.] [Herbert outlawed for nonappearance: see 398 above.]","2659e445-8c10-4008-b95e-b6f9eeb2fe8e"
"53",6,"881",0.0145771727853271," Henry de Tyddeswell, wool collector, on 30 Aug. 1336 at Lincoln took 8 sacks 7 stones of wool from Henry Lavendre of Lincoln and gave him a bond with the king’s seal for 10 marks a sack. Tyddeswell sold the wool at Dordrecht for 18 marks a sack to the king’s scandal because the king had promised to give each merchant fair value from the sale of their wool at Dordrecht. [See 1056 below.]","d1ae65c0-4bfb-4093-bb14-ade556a0644c"
"54",6,"821",0.0140964802045699," Gilbert Ledred, Henry de Tiddeswell and Roger le Wright, wool collectors in Lincolnshire, falsely took 1 lb of wool for every stone of wool collected, 4 stones or more for every sack collected, the fleece, 6d for acquittance from each vill and £100 for carriage of the same wool to the grave damage of the entire countryside. [See 843 below.]","3fc3e7c6-a592-42ff-9e6e-2db038da488e"
"55",6,"1015",0.0139638952371048," Henry de Tydeswell, wool receiver of the fifteenth in Holland, in 13 Edward III at Boston received and weighed wool from the vills of Market Deeping, West Deeping and Tallington at 14 lbs a stone and by unjust weighing took 15 stones of wool from the vill of Market Deeping, 8 stones of wool from the vill of Tallington and similarly extorted 20s from the vill of Market Deeping.","d2e95df1-a6a7-40d6-aa95-b65c8e00d56f"
"56",6,"872",0.0122880999440851," The same Robert, deputy of Sir Adam de Lymbergh, former supervisor of wool collectors in Lincolnshire, collected 1 sack 3 stones of good wool from the vills of Saxilby and Ingleby and shipped them to Lincoln, where he kept them for himself. He gave other wool of less worth and value (2 marks) to the chief collectors of Holland in contempt of the king.","b3c08635-169a-4948-badb-850d0b1e5775"
"57",6,"1061",0.0118003541930717," The same Roger and Robert, deputies of Henry de Tychewell, took 25 sacks, I6Y2 stones 2 lbs of wool at a weight of 26 stones a sack (£14) from the vill of Lincoln. It is unknown if the king received the wool or if it was correctly weighed. [Robert did not appear before the justices: see 1109 below.]","838cfd40-1b6e-4593-8170-cea656bf57da"
"58",6,"1076",0.0110758761835004," Henry de Tyddeswell of Stamford on 29 Aug. 1337 at Grantham came to the house of Cecily widow of John le Ferour of Grantham and offered her 6 marks a sack for her wool for his own use. Because she refused, Henry took 8 sacks 16 stones of wool at a weight of 14 lbs a stone and 28 stones a sack, when it should have been 26 stones a sack, and the fleece for each sack for the king’s use at 10 marks a sack. The wool was supposed to be paid for in 2 terms, but Henry did not pay for them. [See 709 above.]","8f38e627-485b-44a6-aa76-9008bbb06f30"
"59",6,"716",0.0110109770733966," Thomas de Barnby of Grantham, deputy of Roger de Wollesthorp of Grantham, wool collector, on 19 May 1338 at Brauncewell in the house of Robert Grayne of Brauncewell took wool (100s) belonging to Richard Bagard, who was in Lincoln, against his will and without paying or giving either a tally or an indenture for it to Richard’s grave damage of 10 marks and against the peace. [See 717, 875 and 876 below.]","43bdfd89-a77f-487d-a6a4-1e5e3dfbcac4"
"60",6,"811",0.0108301700456214," Roger de Wollesthorp and Henry de TiddeswiU of Stamford, receivers of the tenth and fifteenth, in 12 Edward III received £35 17s 8d from the inhabitants of Stamford on the near side of the bridge, but it is unknown if the revenue went to the king’s profit. The same Henry on 31 Aug. 1338 at Boston extorted 8 sacks of wool in addition to the 3 sacks 22 lbs of wool [weighing] 26 stones a sack and each stone [weighing] 14Vi lbs (2s a stone) and £10 for the fifteenth, which he received through William Norman from the inhabitants of Stamford beyond the bridge.","75ba04d4-bbea-4007-8d44-cb2f86b2a722"
"61",7,"1",0.0605005898064653," Commission to Nicholas de Cantilupo, John de Wylughby, John de Kirketon and Roger de Baukewell to hear and determine various oppressions, extortions, injuries, and excesses committed in Lincolnshire against the people and the king since the king assumed governance of the realm by justices, escheators, subescheators, coroners, sheriffs, undersheriffs and their clerks and ministers, taxers, subtaxers and their clerks, admirals of fleets and their deputies, keepers and constables of the peace, castles and maritime lands, collectors and receivers of wool and their deputies, sellers, assessors and receivers of the ninth and other royal subsidies, barons of the Exchequer, clerks of the Chancery and Exchequer, clerks of receipt and other royal offices, keepers of forests, verderers, clerks and other ministers of forests, chases and parks, collectors and controllers of customs, tronagers, butlers and their substitutes, receivers of the king’s taxes, keepers of the king’s horses and their grooms, stewards and marshals of the king’s household, market clerks, purveyors of victuals, purveyors for the households of the king, queen and Edward, duke of Cornwall and earl of Chester, keepers of gaols, electors, triers and arrayers of men at arms, hobelars and archers, itinerant bailiffs and other bailiffs and royal ministers, and also by conspirators, jurors, usurers, confederates and others who maintain lawsuits in the king’s courts, as well as by malefactors who wander about armed in fairs, markets and other public and private places, beating, wounding and maiming people and extorting fines and redemptions, and by archdeacons, officials, [rural] deans, sequestrators and their commissaries and ministers. Dated at the Tower of London, 10 Dec. 1340.","19a5b2a8-5fa6-4a1a-8528-61e1bfafedc9"
"62",7,"843",0.0250508796406813," Gilbert de Ledered, sheriff of Lincolnshire, Henry de Tyddeswell, Roger le Wryght of Woolsthorpe [near Corby], [living in] Grantham, with S3 Herbert de Gresseby, who was outlawed, were wool collectors in Lincolnshire and on about 8 Sept. 1338 falsely weighed and kept more than 1 lb of wool for each stone of wool collected for their own profit to the grave damage of the people. They also took more than 4 stones for each sack, the fleece and 6d for acquittance. Their grooms, who were keepers of the [customs] houses, took silver from vills before they could enter and a large amount of silver for carriage of the wool to the damage of £100 and to the impoverishment of the people. It is unknown if this money and wool, levied on about 8 Sept. 1338, went for the king’s use. [See 821 above.] [Herbert outlawed for nonappearance: see 398 above.]","2659e445-8c10-4008-b95e-b6f9eeb2fe8e"
"63",7,"847",0.0243522600212353," Master Ralph de Waldegrave, former commissary of the bishop of Lincoln, unjustly summoned innocent men and women to appear before him and let go those who were guilty. He maliciously vexed [the innocent] from place to place and would not allow them to be purged or acquitted until they paid fines. He thus in 13 Edward III took 6 marks from William Stanhard and the same from many others. He did the same concerning wills and sequestered the goods of the dead until the executors paid fines to the damage of 1,000 marks to the community. [See 825 above.]","848ae2b5-8ebe-4b22-9089-09e4fac8136b"
"64",7,"815",0.0236287437726068," When Master Thomas de Northwod, archdeacon of Lincoln, had the dean of Stamford correct fornications, adulteries and other excesses, Master John de Ravenser, official of the archdeacon, and Dom Adam Byker, chaplain and commissary of the official, cited Richard de Lincoln of Stamford to appear before them on 22 July 1339 at Corby. John appeared and was falsely charged with adultery and they would not purge him until he paid a fine of 20s. Robert Russell of Stamford on 27 June 1334 at Sleaford similarly paid them 16s 8d before they would purge him.","ef30ac7a-0d6e-47e7-80b5-fafebf7c86f3"
"65",7,"816",0.0219360689473974," The same Master John and Dom Adam cited and vexed men and women of Stamford to be at Boston, Sleaford, Grantham, Corby and other places outside the jurisdiction of the dean of Stamford and falsely and maliciously received fines and redemptions totalling more then £20 to the great scandal and damage of £40 to those cited and to the impoverishment of the king’s people. Eighth Inquest1","a7965ede-d137-4550-847c-e5a70bc80edc"
"66",7,"767",0.0189518279830507," William, chaplain of Stow, on orders from Master Robert de Fylyngham, official of Stow, on 25 April 1337 at Sturton by Stow St Mary seized the goods and chattels of Maud wife of William de Calwarthorp, who had died intestate, and sealed the doors of the barn, so that William could not use Maud’s goods. William violated the seizure and was excommunicated by Robert, so that he could not plead in the common law courts to his damage of 40s. [See 1142 below.] [Robert outlawed for nonappearance: see 398 above, but see 1142 below for his appearance before the justices.]","21cc5bb7-e7d4-4236-830f-81b949aeba6f"
"67",7,"783",0.0182800557642324," Dennis, vicar of Cabourn and rural dean of Yarborough, and Adam, parson of Ulceby, are confederates and made false summons of the king’s people. They falsely charged that certain people had been summoned before them and then excommunicated them until they paid fines.","3f6215a4-7600-41db-b20b-b136e27791ac"
"68",7,"975",0.0182067939425112," Gilbert Ledered, escheator in Lincolnshire, with Master Robert de Berewedon, subescheator, in 8 Edward III extorted 20 marks from Richard son of Daniel de Quadryng, Thomas Palmere and others in Quadring by falsely charging that they held their lands from the king in chief and seizing their lands until they paid the fines. [See 234, 290 and 912 above.] [Robert reported dead: see 1130 below.]","766bdec9-85cd-4e21-ba10-1e89772ca98e"
"69",7,"599",0.0156678241257702," Gilbert Ledered, escheator, seized lands belonging to the prior of Haverholme, even though the prior had a royal charter confirming all lands and holdings in Lincolnshire for himself and his heirs. Gilbert kept the lands until the prior paid a fine of 20s on T1 June 1334 at Haverholme. [See 73 above.]","251f920b-802f-4d5f-862a-146b9d893f9c"
"70",7,"998",0.0156333680581633," Robert de Beroudon, the entire time he was clerk of the escheator, distrained many people in Kesteven and unjusdy took large fines by falsely charging that they held [their lands] from the king in chief. [Robert reported dead: see 1130 below.]","edeb79d9-3eac-4b20-a82b-d9cfb8ed1aea"
"71",8,"1053",0.0208963524437007," Henry de Tydeswell of Stamford, wool collector in Lincolnshire, on 18 Aug. 1337 at Lincoln took 18 sacks of wool from John de Bristall, later bought them for his own use at 7 marks a sack and at a weight of 13 lbs [a stone] and sold them to the king at 10 marks [a sack] and at a weight of 12 lbs [a stone] to the great deception and treachery of the king.","ff2c9c6a-8269-44ae-8d83-ea96cc3fe196"
"72",8,"1054",0.0183323598013655," Henry de Tychewell on 18 Aug. 1337 at Lincoln took 16 sacks of wool (7 marks a sack) at a weight of 13 lbs [a stone] from Nicholas de Tevelby of Lincoln and sold them to the king at 10 marks [a sack] and at a weight of 12 lbs a stone to the great deception and treachery of the king.","222439ca-60db-4df9-a59c-ed2cb3aa640a"
"73",8,"613",0.0180672130361304," [The same Roger, Henry, Thomas and Robert] on the same day extorted 3 stones 2 lbs of wool in excess of the [?standard] weight of 14 lbs [a stone], 2d to enter the gates [of the customs house] and 12d for acquittance from the vill of Silk Willoughby. Thomas and Robert took 12d to weigh the wool. [Robert did not appear before the justices: see 1109 below.]","b58e3694-2981-401b-ab36-5590a8e185b9"
"74",8,"1057",0.0180438153713773," The same Henry on the same day at Lincoln took 32 sacks of wool (10 marks a sack) at a weight of 13 lbs a stone from Robert Quarell of Lincoln and [sold them] to the king at a weight of 12 lbs a stone to the great deception and treachery of the king.","2c0d05c8-0534-4d0e-84ff-c09dde5d0186"
"75",8,"611",0.0173900248656343," [The same Roger, Henry, Thomas and Robert] on the same day extorted 5 stones 2 lbs of wool in excess of the [?accepted] weight of 14 lbs [a stone], 4d to enter the gates [of the customs house] and lOd for acquittance from the vill of Ewerby. [Robert did not appear before the justices: see 1109 below.]","f80e5b0a-5b7e-48eb-a970-a9f5bc314d6c"
"76",8,"632",0.015788338449954," [The same Roger, Henry, Thomas and Robert] on the same day extorted Vz stone of wool in excess of the [?standard] weight [of 14 lbs a stone] and 18d for delivery and acquittance from the vills of Skellingthorpe and Boultham. [Robert did not appear before the justices: see 1109 below.]","376e7d1e-0d1d-43a7-9f29-7c1edd7ff0ce"
"77",8,"617",0.0145778577548157," [The same Roger, Henry, Thomas and Robert] on the same day extorted ZVi stones of wool in excess of the [?standard] weight [of 14 lbs a stone], 4d for entry, 12d for weighing the wool and 8d for acquittance from the vill of Kirkby Laythorpe. [Robert did not appear before the justices: see 1109 below.]","128982c2-7535-4983-bfe5-d4f3ecef9cb1"
"78",8,"1076",0.0144732336859764," Henry de Tyddeswell of Stamford on 29 Aug. 1337 at Grantham came to the house of Cecily widow of John le Ferour of Grantham and offered her 6 marks a sack for her wool for his own use. Because she refused, Henry took 8 sacks 16 stones of wool at a weight of 14 lbs a stone and 28 stones a sack, when it should have been 26 stones a sack, and the fleece for each sack for the king’s use at 10 marks a sack. The wool was supposed to be paid for in 2 terms, but Henry did not pay for them. [See 709 above.]","8f38e627-485b-44a6-aa76-9008bbb06f30"
"79",8,"633",0.0142263381015963," [The same Roger, Henry, Thomas and Robert] on the same day extorted V2 stone of wool in excess of the [?standard] weight [of 14 lbs a stone] and 2s for entry and acquittance from the vill of Auboum. [Robert did not appear before the justices: see 1109 below.]","e391165d-a930-428f-9506-68c747331acd"
"80",8,"631",0.0142263363039861," [The same Roger, Henry, Thomas and Robert] on the same day extorted Vz stone of wool in excess of the [? standard] weight [of 14 lbs a stone] and 12d for entry and acquittance from the vill of Doddington Pigot. [Robert did not appear before the justices: see 1109 below.]","12001b5e-4f6c-43ad-ab17-5e738545c929"
"81",9,"1133",0.0377541949749195," Gilbert de Ledred, former escheator in Lincolnshire and bailiff of Henry, earl of Lancaster, in the county, was taken to respond to the bill of Alice de Lacy, countess of Lincoln. The countess complained that when a whale was beached at the countess’ manor of Long Sutton in Holland, where she and her ancestors had always had the right to wrecks of the sea, Gilbert during the night of 4 March 1338 paid Peter Robbeson of Holbeach Hum, mariner, and other unknown mariners to drag the whale out of the countess’ domain to [Salt]fleet Haven in the earl of Lancaster’s domain, so that the countess lost the profit of the whale. In addition, Gilbert imprisoned John de Shenfeld, the countess’ bailiff of Long Sutton, and other servants and tenants of the countess until £20 were paid, so that the countess lost their services for the following month to the countess’ damage of £40. Gilbert appeared and did not deny the countess’ complaint. It was ordered that the countess receive her damages and that Gilbert be imprisoned in the king’s prison in the custody of the constable of Lincoln castle until [?he paid the damages]. The countess, through Richard de Bolyngbrok, her attorney, later asked that she receive all of Gilbert’s goods and chattels, except oxen and plough animals, and that she hold half his lands until the damages were paid. The justices agreed to this arrangement on 19 Jan. 1341 at Lincoln. Damages £40.2 [See 25 and 840 above.]","7be9ba2a-b9b5-4767-a164-622c6f119ef6"
"82",9,"1109",0.0340287642685638," Notice that on 18 April 1341 John de Annsle and all the above mentioned others, except William Fraunk, knight, who had a pardon, Roger Vyneter of Thurlby, Robert de Asshebum and Thomas de Wrangle, who did not come and were not yet convicted, appeared before the justices at Lincoln. When asked how they wished to acquit themselves of the trespasses and oppressions, John and the others individually stated that they could not deny [the charges], but put themselves on the king’s mercy and were imprisoned. Led by the sheriff, they 113 later came [before the justices] and requested that they be allowed to pay fines and then paid fines as appears on the fine roll and were freed from prison. [See CPR 1340-1343,200, 21 May 1341, for Fraunk’s pardon.]","19d23110-77ad-4005-9048-ce2fcd9e1ab6"
"83",9,"1210",0.0333066065852549," Notice that Hugh Clarice and all the above mentioned others, led by the sheriff, appeared [before the justices]. When asked how they wished to acquit themselves of the above felonies, they individually stated that they were not guilty and put themselves on the country. The jurors declared that Hugh Clarice and all the above mentioned others were not guilty. Therefore, all were acquitted. The jurors declared that some of the accused had fled and others had not. Therefore, the chattels of those who had fled were forfeit as appears on the roll of extracts.","e78913b9-b9fb-43ca-835d-050b09d6bb0b"
"84",9,"1223",0.0306420774545897," Notice that Nicholas, servant of Walter de Kelby, and all the above mentioned others, led by the sheriff, appeared [before the justices]. When asked 131 how they wished to acquit themselves of the above felonies, they individually stated that they were not guilty and put themselves on the country. The jurors declared that Nicholas and the others mentioned above were guilty. Therefore, all were to be hanged. No chattels. [.Hearing of person committed to prison ad dietam]","bcd152d5-0026-4b8d-a01c-f7516e7b38ca"
"85",9,"844",0.0238710055410417," Thomas Purchase, itinerant bailiff in Lincolnshire, demised his office to Geoffrey de Overingham and John de Annesley for £20 a year to the grave damage of the people because they allowed felons and transgressors against the peace to go wherever they wished in return for gifts to the damage of the community and maintained these malefactors and also unjustly extorted £20 a year by distraints. [See 822 above.]","32894e89-59f8-4d01-8cc0-8c9bd224c2a5"
"86",9,"1218",0.022648492502461," Notice that Thomas Crabbe and all the above mentioned others, led by the sheriff, appeared [before the justices]. When asked how they wished to acquit themselves of the above felonies, they individually stated that they were not guilty and put themselves on the county. The jurors declared that Thomas and all the above mentioned others were guilty. Therefore, all were to be hanged. No chattels.","faf2d73a-bd06-4c96-abdd-a40c9d7e0fa7"
"87",9,"1224",0.0205751792704956," Henry Walker of Louth [taken for] feloniously beheading John Cheu, clerk, in 14 Edward III at Lincoln. When asked how he wished to acquit himself of the charge, Henry remained silent. Jurors and gaolers declared that he could speak and had spoken that day and that his silence was voluntary. Therefore, Henry was returned to prison ad dietam. No chattels. [See 55, 138, 353, 1170, 1186, 1217 and 1219 above and 1225 and 1228 below.]","7624fbef-ae5b-4e01-8fb8-a16383c43b25"
"88",9,"836",0.0199839638894452," [Gilbert’s] bailiffs sometimes levied 100s for the expenses of knights of the county going to Parliament to the grave damage and oppression of the people of the entire county, and Gilbert assisted in this extortion.","1dd4f703-79fc-4580-bb87-8bdf7ce61a83"
"89",9,"822",0.0198002257920207," Thomas Purchace, itinerant bailiff in Lincolnshire, by royal charter demised his office to Geoffrey de Overingham and John de Anneslay, who paid him £20 a year, to the great damage of the entire county because these bailiffs, in return for gifts, permitted felons and transgressors against the peace to go about at large. [See 844 below.]","c2653d2b-0861-41d2-a57c-feb1446e6af1"
"90",9,"837",0.018960459143519," The same [Gilbert], sheriff, and his bailiffs allowed felons and notable transgressors against the peace, who were not repleviable, to go wherever they wished in return for gifts against the law. They also would not allow prisoners, who were repleviable, to be mainpernered until they paid large fines to the damage of £40 to the people. [See 819 above.]","69c8eb06-d07a-4ab0-a001-f8ce695ed51e"
"91",10,"1140",0.049929267602814," A jury found that Bogo son of John son of John of Langton juxta Partney, Elizabeth sister of the same John son of John, Mabil widow of the same John son of John, Richard brother of the same John son of John, John Dantree, Mabil’s brother, John Gamel of Mumby and Mary his wife, defendants, on 24 March 1340 at Mumby with force and arms took 28 sheep (3s each), 28 lambs (6d each) and 6 stones of the sheep’s wool (4s a stone) from Thomas de 1 Damages struck through. 120 Forthington, chaplain, complainant, and also took wheat, oats and other grain (£10) belonging to Thomas. The accused also on 4 Sept. 1340 at Mumby took 1 ox (15s), 1 cow (10s) and 2 horses (40s) from Thomas to places unknown, so that Thomas could not get them back to his damage of £20. John son of Alan son of Richard de Mumby not guilty. Jurors assessed Thomas’ damages at £20 and it was ordered that all the accused, except John son of Alan, be taken. Thomas in mercy for a false complaint against John son of Alan [named in the original bill], who was not guilty. Thomas later appeared and acknowledged that he had been paid the damages. Bogo paid a fine of 40d and had John Dantree and Henry de Kymington as pledges; Elizabeth paid a fine of 40d and had William de Lekeburn and Henry as pledges; Mabil paid a fine of 40d and had John Dantre and Henry as pledges; Richard paid a fine of 40d and had John and Henry as pledges; and John Dantre paid a fine of 40d and had Henry and William as pledges. They were released from prison. Damages £20; cflerk’s fee] 40s; marshal's fee] 1 mark.1","ea6b2200-3156-4fe8-a5f0-13c58470b437"
"92",10,"1136",0.0341823011439471," A jury found that Gilbert de Leddred, former escheator in Lincolnshire, defendant, ordered Master Robert de Berughdon, John de Ty and John de Ledred, who on 5 Sept. 1335 at Aby with force and arms took 6 horses (10 marks) from William West of Claythorpe, complainant, and unjustly kept them until William paid a fine of 60s to his damage of £4. It was orderd that William receive his damages and that Gilbert be imprisoned in the king’s prison in the custody of the constable of Lincoln castle until [?he paid the damages]. William and John de Walton and Robert de Gracroft, his pledges, in mercy because William did not prosecute Master Robert, John de Ty and John de Ledred [named in the original bill], who were sine die. Gilbert later paid a fine as appears on the fine rotulet. Damages £4; c[lerk’s fee] 2 marks; marshal's fee] 1 mark.2","21944b10-20d9-431c-bfd3-efe0d3b48a89"
"93",10,"1138",0.0340054155135064," A jury found that Gilbert de Leddred, former escheator in Lincolnshire, defendant, ordered Master Robert de Berughdon, John de Tye and John de Leddred, Gilbert’s clerk, who on 2 June 1333 at Claythorpe placed Gilbert’s seal on the buildings of William West of Claythorpe, complainant, and unjustly seized and kept wheat, barley, oats, beans, peas, linen and woollen cloth (£40) for 3 days until William paid a fine of £4 sterling to his damage of £6. Jurors assessed William’s damages at £6 and it was ordered that Gilbert, present in the court, be imprisoned in the king’s prison in the custody of the constable of Lincoln castle until [?he paid the damages], William and John de Walton and Robert de Gracroft, his pledges, in mercy because William did not prosecute Robert and the others [named in the original bill], who were sine die. Gilbert later paid a fine as appears on the estreat [rotulet]. Damages £6.1","12497b3a-d811-4780-8f25-011f09418c07"
"94",10,"1149",0.0311690590233105," A jury found that Master Hugh de Walmesforth, defendant, on 27 June 1334 at Fulbeck unjustly cited John de Neuton, parson of Fulbeck, complainant, to appear before Master Ralph de Waldegrave, then commissary of the bishop of Lincoln, on 30 June 1334 at Bardney and before other ordinaries in various places throughout Lincolnshire on the same day, and at Fulbeck Master Hugh maliciously sequestered linen and woollen cloth, wheat, barley, oats, malt, brass pots and other goods and chattels (£40), so that John was unable to go about his work and was unjustly vexed until he paid a fine of 31 marks to his damage of 46 marks. Jurors assessed John’s damages at 46 marks and it was ordered that Master Hugh be taken. Damages 46 marks; c[lerk’s fee] 13 marks; marshal’s fee] 2 marks.2 1 Damages struck through. 2 Fees struck through.","4d3ff0fc-b20f-4715-b1b9-a188d27dad91"
"95",10,"1135",0.0307640579779456," A jury found that Gilbert Ledered, defendant, on 16 Nov. 1333 at Lincoln with force and arms, namely, with sword, knife, etc., entered the close of Philip Belle, complainant, against his will, took 3 horses and 2 cows (80s) and would not free them until Philip paid a fine of 70s to his damage of £4. Jurors assessed Philip’s damages at £4 and it was ordered that Gilbert be imprisoned in the custody of the constable of Lincoln castle until [?he paid the damages], Philip later appeared and acknowledged that he had been paid the damages and Gilbert paid a fine as appears on the estreat rotulet. Damages £4; c[lerk’s fee] 10s; mar[shal’s fee] 40d.2","9a77b9f0-2195-46f1-b03e-7ffe6ccf70ce"
"96",10,"1137",0.0290549559723551," A jury found that Gilbert de Leddred, former escheator in Lincolnshire, defendant, ordered Master Robert de Boroughdon, John de Tye and John de Leddred, clerk, who on 14 Sept. 1334 at Aby took 12 oxen, 6 cows and 6 horses (£20) from William West of Claythorpe, complainant, and unjustly kept them until William paid a fine of £4 to his damage of £10. Jurors assessed William’s damages at £10 and it was ordered that Gilbert, present in court, be Damages struck through. Damages and fees struck through. 119 imprisoned in the king’s prison in the custody of the constable of Lincoln castle until [?he paid the damages]. William and John de Walton and Robert de Gracroft, his pledges, in mercy because William did not prosecute Robert and the others [named in the original bill], who were sine die. Gilbert later paid a fine as appears on the fine rotulet. Damages £10.1","62710d6d-88da-478c-9107-c1a9b9a45a0c"
"97",10,"1139",0.0279060567108388," A jury found that Gilbert de Ledred, former sheriff of Lincolnshire, defendant, with Nicholas de Staunford and Herbert de Gresseby, Gilbert’s ministers, on 30 Sept. 1338 at Gainsborough with force and arms took 44 quarters of wheat (£8 16s) from Ralph le Colier of Nottingham, complainant, against his will and to his damage of £10. Jurors assessed Ralph’s damages at £10 and it was ordered that Gilbert, present in court, be imprisoned in the king’s prison in the custody of the constable of Lincoln castle until [?he paid the damages]. Ralph in mercy because he did not prosecute Nicholas and Herbert [named in the original bill], who were sine die. Ralph later acknowledged that he had been paid the damages and Gilbert was allowed to pay a fine as appears on the fine roll. Damages £10.1 [See 1144 and 1153 below.]","a4b5141b-2259-42b5-a1fa-f851ae6ff03f"
"98",10,"1146",0.0264898220762706," A jury found that Roger in the Wraa of Stow St Mary, defendant, on 14 April 1336 at Sturton by Stow St Mary with force and arms stole 1 horse (10s) from William son of Robert de Stretton, complainant, against the peace and to William’s damage of 6s 8d. Jurors assessed William’s damages at 6s 8d and it was ordered that Roger, present in court, be imprisoned until [?he paid the damages], William later appeared and acknowledged that he had been paid the damages and Roger [was allowed to pay] a fine as appears on the fine roll. The constable was ordered to free Roger. Damages Vi mark.1","aff6103d-4df5-4394-bbf9-58e8bcdc4757"
"99",10,"1132",0.0256346238553887," A jury found that William son of William Costard of Lincoln, defendant, on 22 Oct. 1338 at Lincoln with force and arms took a bond for £40 [in the name of] Master John de Spauneby from Joan daughter of Robert de Kirketon the elder, complainant, against her will and fraudently freed John [from the debt] against the peace and to Joan’s damage of £20. Jurors assessed Joan’s damages at £20 and it was ordered that William be taken. William later appeared and was allowed to pay a fine as appears on the fine rotulet. Damages £20; c[lerk’s fee] 20s; mar[shal’s fee] 1 mark.1","21dece4b-7012-4ae9-8513-9eb772a0727f"
"100",10,"1147",0.0255215905946792," A jury found that Gilbert de Ledred, former sheriff of Lincolnshire, defendant, on 6 Dec. 1340 at Boston with force and arms stole 16 stones 12 lbs of wool (8 marks) from Roland de Lynne of Boston, complainant, to Roland’s damage of 10 marks. Jurors assessed Roland’s damages at 10 marks and it was ordered that Gilbert, present in court, be imprisoned in the custody of the constable of Lincoln castle until [?he paid the damages], Roland later appeared and acknowledged that he had been paid the damages and Gilbert was allowed to pay a fine as appears on the fine roll. Damages 10 marks.1","2b0162be-5a18-430d-bc2d-2488c4ce9197"
